{
  "trajectory_mse": 0.7441371083259583,
  "trajectory_mse_std": 0.6938689947128296,
  "trajectory_mse_median": 0.5503871440887451,
  "trajectory_mse_min": 0.004189831670373678,
  "trajectory_mse_max": 9.295405387878418,
  "num_samples_evaluated": 3584,
  "num_failed_samples": 0,
  "per_dimension_mse": [
    1.0764133930206299,
    0.6954643130302429,
    0.680463433265686,
    1.2739295959472656,
    0.8195363879203796,
    0.061559371650218964,
    0.6015916466712952
  ],
  "metadata": {
    "config_name": "pi0_calvin_scratch_5percent",
    "checkpoint_dir": "/root/autodl-tmp/openpi/checkpoints/pi0_calvin_scratch_5percent/calvin_5percent/4000",
    "dataset_path": "Coil1987121/calvin_lerobot_task_ABCD_D_validation",
    "num_samples_requested": 3500,
    "batch_size": 128,
    "skip_norm_stats": false,
    "norm_stats_path": "/root/autodl-tmp/openpi/assets/pi0_calvin_scratch_5percent/Coil1987121/calvin_lerobot_task_ABCD_D_training_5percent/norm_stats.json"
  }
}