{
  "trajectory_mse": 0.7916240096092224,
  "trajectory_mse_std": 0.9017415642738342,
  "trajectory_mse_median": 0.5736411213874817,
  "trajectory_mse_min": 0.01365947537124157,
  "trajectory_mse_max": 17.87542152404785,
  "num_samples_evaluated": 3584,
  "num_failed_samples": 0,
  "per_dimension_mse": [
    1.0980496406555176,
    0.7344807386398315,
    0.6770391464233398,
    1.3431555032730103,
    0.8805748820304871,
    0.22127863764762878,
    0.5867875814437866
  ],
  "metadata": {
    "config_name": "pi0_calvin_scratch_10percent",
    "checkpoint_dir": "/root/autodl-tmp/openpi/checkpoints/pi0_calvin_scratch_10percent/calvin_10percent/5000",
    "dataset_path": "Coil1987121/calvin_lerobot_task_ABCD_D_validation",
    "num_samples_requested": 3500,
    "batch_size": 128,
    "skip_norm_stats": false,
    "norm_stats_path": "/root/autodl-tmp/openpi/assets/pi0_calvin_scratch_10percent/Coil1987121/calvin_lerobot_task_ABCD_D_training_10percent/norm_stats.json"
  }
}