{
  "metadata": {
    "timestamp": "2025-11-26T01:28:00.617241",
    "checkpoint_dir": "/root/autodl-tmp/openpi/checkpoints/pi0_calvin_scratch/calvin_full/21000",
    "dataset_path": "/root/autodl-tmp/huggingface/lerobot/Coil1987121/calvin_lerobot_task_ABCD_D_validation",
    "config_name": "pi0_calvin_scratch",
    "num_samples": 5917,
    "num_errors": 0,
    "action_horizon": 10,
    "inference_mode": "real",
    "has_language_instructions": true
  },
  "metrics": {
    "rot_error_mean_deg": 42.92999018281567,
    "rot_error_median_deg": 4.837461725701193,
    "rot_error_std_deg": 52.51678211116076,
    "Mean_Rot_Error_deg": 42.92999018281567,
    "Mean_Pos_Error_cm": 4.420139616365567,
    "SR_Loose": 0.42842656751732294,
    "SR_Strict": 0.12168328544870712,
    "SR_HighPrec": 0.013520365049856346,
    "sr_5cm_10deg": 0.42842656751732294,
    "sr_2cm_5deg": 0.12168328544870712,
    "sr_1cm_2deg": 0.013520365049856346,
    "traj_mse": 1.0519433130246403,
    "traj_mae": 0.21847181655678033,
    "traj_rmse": 1.0256428779183524,
    "pos_mse": 0.00043629894078127607,
    "pos_rmse_cm": 2.088777012467525,
    "fde_mean_cm": 4.420139616365567,
    "fde_median_cm": 3.452482082510694,
    "fde_std_cm": 3.3809921767324447,
    "ade_mean_cm": 2.6095071092130184,
    "ade_median_cm": 2.077200262723626,
    "rot_mse": 1.8405735735875346,
    "mse_x": 0.0007704195714382037,
    "mse_y": 0.00021804234063382897,
    "mse_z": 0.00032043491027180517,
    "mse_qx": 6.687791908215562,
    "mse_qy": 0.0013777010001432045,
    "mse_qz": 0.121865621665132,
    "mse_qw": 0.5512590634692731
  },
  "summary": {
    "trajectory_mse": 1.0519433130246403,
    "position_mse": 0.00043629894078127607,
    "fde_cm": 4.420139616365567,
    "ade_cm": 2.6095071092130184,
    "rotation_error_deg": 42.92999018281567,
    "success_rate_2cm_5deg": 0.12168328544870712
  },
  "anomaly_stats": {
    "images": {
      "base_image_failed": 0,
      "left_wrist_failed": 0,
      "right_wrist_failed": 0,
      "total_processed": 17751,
      "failure_rate": 0.0
    },
    "prompts": {
      "not_found": 0,
      "default_used": 0,
      "total_processed": 5917,
      "failure_rate": 0.0
    },
    "states": {
      "failed": 0,
      "total_processed": 5917,
      "failure_rate": 0.0
    },
    "actions": {
      "failed": 0,
      "total_processed": 59170,
      "failure_rate": 0.0
    }
  }
}